
{
	"GameObjects" : 
	[
		
		{
			"model" : "ground3.obj",
			"orientation" : [ 1, 0, 0, 0 ],
			"position" : [ 0, 0, 0 ],
			"type" : "static"
		},
		
		{
			"model" : "node.obj",
			"orientation" : [ 1, 0, 0, 0 ],
			"position" : [ 5, 0, 5 ],
			"type" : "node"
		},
		
		{
			"model" : "node.obj",
			"orientation" : [ 1, 0, 0, 0 ],
			"position" : [ 5, 0, -5 ],
			"type" : "node"
		},
		
		{
			"model" : "node.obj",
			"orientation" : [ 1, 0, 0, 0 ],
			"position" : [ -5, 0, 5 ],
			"type" : "node"
		},
		
		{
			"model" : "node.obj",
			"orientation" : [ 1, 0, 0, 0 ],
			"position" : [ -5, 0, -5 ],
			"type" : "node"
		},
		
		{
			"model" : "cylinder.obj",
			"orientation" : [ 1, 0, 0, 0 ],
			"position" : [ 0, 0, 10 ],
			"type" : "player"
		},
		
		{
			"model" : "cone.obj",
			"orientation" : [ 1, 0, 0, 0 ],
			"position" : [ -5, 0, 0 ],
			"type" : "nonstatic"
		},
		
		{
			"model" : "cone.obj",
			"orientation" : [ 1, 0, 0, 0 ],
			"position" : [ 0, 0, 5 ],
			"type" : "nonstatic"
		},
		
		{
			"model" : "cone.obj",
			"orientation" : [ 1, 0, 0, 0 ],
			"position" : [ 3, 0, -5 ],
			"type" : "nonstatic"
		},
		
		{
			"model" : "cube1.obj",
			"orientation" : [ 1, 0, 0, 0 ],
			"position" : [ 0, 0, 0 ],
			"type" : "static"
		},
		
		{
			"model" : "cube1.obj",
			"orientation" : [ 1, 0, 0, 0 ],
			"position" : [ 0, 1, 0 ],
			"type" : "static"
		}
	]
}
