
{
	"GameObjects" : 
	[
		
		{
			"model" : "ground3.obj",
			"orientation" : [ 1, 0, 0, 0 ],
			"position" : [ 0, 0, 0 ],
			"type" : "static"
		},
		
		{
			"model" : "cube1.obj",
			"orientation" : [ 1, 0, 0, 0 ],
			"position" : [ 0, 0, 6 ],
			"type" : "player"
		},
		
		{
			"model" : "node.obj",
			"orientation" : [ 1, 0, 0, 0 ],
			"position" : [ -4, 0, 0 ],
			"type" : "node"
		},
		
		{
			"model" : "node.obj",
			"orientation" : [ 1, 0, 0, 0 ],
			"position" : [ 4, 0, 0 ],
			"type" : "node"
		},
		
		{
			"model" : "sphere.obj",
			"orientation" : [ 1, 0, 0, 0 ],
			"position" : [ 0, 1, -6 ],
			"type" : "nonstatic"
		},
		
		{
			"model" : "cylinder.obj",
			"orientation" : [ 1, 0, 0, 0 ],
			"position" : [ 4, 0, -6 ],
			"type" : "nonstatic"
		}
	]
}